Email,First Name,Last Name,Phone,Date Of Birth,Token,Text
example7291@example.com,Daniel,Smith,0018301309,4/10/1979,qjiVjm0d,stoGWnTUAVGvYGgOdJYAwaGTWCZbDhVjfHmLzwPKIBqWDhJmIYOUNsgKDFJYoHsPskEkZHozvZHOSSgHjguQyNBWtrstShQKugLW
example1801@example.com,Olivia,Smith,3072793178,11/18/1976,Auz5l8xR,HZPIVqsUCXkFWJTiUBaExSHBnnwJTEnRxnUbSCqUoNoZyCEkWeICwGKbaWGmmjVgdzfUoUTdhlhgBpykUufHjZuYpJRMGGfXmRqz
example5716@example.com,Robert,Lee,7229873755,11/24/1991,fo0tkx3e,UtAJsmXyESQYPqwPmHvPFlllFSfGqkcuUWsqZOXPubXAnWQuWVVPcrwLPcAYfsHWEyiuGzlxIhvcssnQPEbTpIKWvGxbpQnOAIFZ
example2423@example.com,Robert,Taylor,5655561533,3/25/1981,P3S9oenw,bVCErsLDSldTptTpjPhAbvnrQidAlyuDXqXnUkoylzGhRLsGFDsBlCUitvzRYIGuKfRfniHUmcRRIdUyWgwWuReGpqHXsrrhARGa
example4446@example.com,Michael,Davis,9800466634,6/15/1953,tE5EwD37,ipbFGTAYnppZmgxdpcjUOcoToaZfRyzSniAvcorNmIILBCxeeQNkYcYhRQIRGgbckdNCollwGCkxDACaoUVjjeMypwWfJPcLdPVL
example8920@example.com,Sarah,Wilson,9038717165,11/12/1989,NNxwM0jD,ccuDwOStnmoGujbrKiOKZFnwSPxzvBTNAJVehmgjsdPQxnZbTNBbvRuBZmrqsPQYHhXyCwJlKchJcxAtWwQocFjVcvzqIHbNbBds
example4960@example.com,Emily,Smith,0791985835,10/26/1964,MtnrQKT5,DVzaImWkgPFHyPJYGJJoBatTSCaxyFbzqekxPIYDfxXGjdyqOvVLDzOJTQHmGBQmsrIptJGpuNBiYrjVWoLBOlWFRqvusKANsZMy
example1529@example.com,Sophia,Taylor,0062916944,5/1/1968,Eajyaj9l,gVjcSZXxOdUgllrVZNaiLvyOhVBWcKmqqXcfXEnKqsLZPWsJBpuKGvLsiMWEmpbAxLFVOJjeBHAlrztKhWCwcnyEVzfxgFSdDyDr
example9601@example.com,Emily,Jones,8732079154,10/10/1961,ecdRAMmg,ldYvLFsRueqgYommsdNktLQYVhnKXzJWxmPTNWbTKmjaoyejqlDzpeolSiKIXwobGHaWnlFzaRwkePtlgJHCzKUOAjorCtZChKco
example6373@example.com,Michael,Jones,6338664310,4/22/1954,oEiDXy8L,UVwdLXToZotnBGdqMDDEYHsGFWkPdUghlfVIGTVweaRGWjvQldFZnVTMbcXonvHWSexlNAbWPdgziVkJAlYyypayJRoXWibQYUYf
