email,First Name,Last Name,Phone,Date of Birth,token,text
nyeFxunzx@2cckep.design,Savannah,Lynch,+6695455807564,05-03-1939,Fh8cgrngTu5lwsy, who at last turned sulky  and would only say  ‘I am older than you  and must kn
gu4kk.y@qdpGk0ge9L.io,Eli,Taylor,+1084244512952,23-07-1950,jstkn4gTitEhNLi,’ ‘We indeed!’ cried the Mouse  who was trembling down to the end of his tail. ‘
gVO@amaobC.gov,John,Ferguson,+2147381668115,27-07-1986,xtVad5rpbwyxnh0,burnt  and eaten up by wild beasts and other unpleasant things  all because they
y2spBo@pg52yqhp.co,David,Evans,+3395056104222,19-05-1933,wa0pzz361yogxcY,‘I wonder how many miles I’ve fallen by this time?’ she said aloud. ‘I must be g
Ghxss@oi6dlg9g.design,Willow,Taylor,+1088915267260,08-01-1936,hrUWwjg12mZcsdx,hought. ‘I must be growing small again.’ She got up and went to the table to mea
tF9xVt8sws@ccluemt1.co,Christopher,Manning,+3641512716377,01-05-1995,rtqtCusV0t6yfy7, of voices asked. finger; and the whole party at once crowded round her  calling
xA13gxe5d@VSmh.ca,Ruth,Jacobs,+2503001338433,12-07-1934,c6zKbkvipwspvd8,l  and wander about among those beds of bright flowers and those cool fountains 
1eGt53bnlQq@fjnc7xsJQz.ca,Edward,Johnson,+1585140476946,04-10-1972,IgadmEetyvNhkn6,unity for showing off her knowledge  as there was no one to listen to her  still
thnys8zr6@Yiv.co,Edna,Davis,+1816789632979,27-08-1991,xola0n6pfnfbw56,tself  ‘Oh dear! Oh dear! I shall be late!’ (when she thought it over afterwards
uf_lqKi@xBu.store,Albert,Joseph,+3909344811977,10-04-1962,3kez697nu87d1sO,ith the words ‘DRINK ME’ beautifully printed on it in large letters. It was all 
zOn_b5qBgx@L0sa7vvaPn.info,Ramona,Holmes,+6362329355181,08-08-2003,Uffb5Y6gqrCq9l8,g  and she dropped it hastily  just in time to avoid shrinking away altogether. 
wpmalhrM3u2@yesksctm4v.me,Crystal,Green,+7343232314633,22-06-1932,nsPxskj4rEayffj,’t mean it!’ pleaded poor Alice. ‘But you’re so easily offended  you know!’led a
llC9K_@rtlhkwsh.ca,Bob,Owens,+4787486709756,05-10-1924,dh5A6gwunmTRys6,he’ll eat a little bird as soon as look at it!’ This speech caused a remarkable 
a82b2ug6.By@zc7xp0SeBd.app,Liliana,Little,+4548058162760,02-12-1977,bmcroiz5s4ZffoM,rden at once; but  alas for poor Alice! when she got to the door  she found she 
7oqsfsycm0o@gQq0o3.tv,Christopher,Hall,+8070227445999,31-10-1956,Zpt7xq0d4zxoux0,s no more to be said. At last the Mouse  who seemed to be a person of authority 
