email,First Name,Last Name,Phone,Date of Birth,token
b4ydPl@bOt.design,Bob,Miller,+1033786909812,07-03-2001,shv6hfqo
XBb@eDrxh.io,Gary,Padilla,+3107763531682,10-05-2002,tv18lzjv
su@pmOs.blog,Edwin,Griffin,+2703608974583,26-01-1943,4hmyvhsr
2.Jlcaq@XebKKueg2Ck.mil,Reagan,Sanders,+4583708018607,09-02-1975,IGe54bpp
hcu@jjk9St6cdzrn.app,Andrew,Campbell,+1657766624079,04-01-1939,GSxpqCpl
4vi.-33i@lmEhv7h.org.net,Michael,Webster,+2606866650112,25-05-1946,8wxRpbri
ZI@x7blkrU.org.net,Laila,Smith,+1463410256757,05-08-1938,pRwH1XtL
lu9n-8I4b@beN3LkCIsK0z.io,Joseph,Miller,+3369494841482,15-01-1941,qjYlbAwa
fp-j3ygwvv@hyiKrsWbFeK.io,Logan,Johnson,+3831916216754,13-06-1978,k4AuTumz
peBwg@R4DKsgtx2Vqe.store,Heather,Johnson,+5024364687539,08-02-1932,4o6bJsQA
1ds@rdqxD05j.info,Aiden,Alvarado,+1944064691124,16-12-1924,ubPqgB9a
_093emj@xeYhsd0ivs.dev,Edna,Perry,+4895415439145,11-04-1944,s6cfwln7
t.fjd@dV4d.io,Samantha,Davis,+2870781435665,14-04-1947,OngzI8r5
3ttqgdacE@P77p1y.info,Ellen,Davis,+1786019808005,12-02-1953,4NlxzI7j
ikk2@2dqcs.mil,Fernando,Fisher,+2541400570456,17-08-1967,ypg6wt0j
1zcpKueRjg9@pr2.design,Oliver,Kelly,+4585720094395,06-10-1990,hxvGY2j6
6ifkuyiQy@cs4mym.io,Christina,Jones,+2627123698168,09-01-1934,m0i57mpA
fq1tmfjxj@F36p7wLDumt.gov,Gary,Alvarado,+3170222068710,13-06-1980,TIfavnu2
7z6vflq-l@wvlgIn1loIz0.me,Ella,Ray,+3275120641293,01-05-1999,KcAhfiue
K1x@Bkz70D19zB2.co,Nathan,Ruiz,+2976361303166,24-07-1996,le5bKJyv
douq@fqjdd0rh.gov,Gordon,Welch,+1076916158415,22-01-1941,a5GtPsjS
9xkwb1@8Oii3.co,Christopher,Berry,+3090752435558,20-12-1951,p9nQB6gz
mM05ultli@luZ.dev,Eileen,Powell,+2300571307926,27-02-1965,ahvuwoQ6
fc@unVt1w.io,Mila,Pearson,+2162929818495,10-08-1965,vkp62Ty2
gja5U@d8z6h8tzmuaT.store,Hannah,Manning,+3249924073496,26-05-1939,4ecaxjet
9Xksdujk@M9c9mv.tv,Michael,Garcia,+1577127283448,18-03-1966,loabbMy2
Z3hm7@5iXzz.tv,Daniel,Brown,+3765446443444,15-02-1940,38eIDpok
5h2@utsv0.tv,Jennifer,Smith,+1245516862241,21-06-1948,BgJxXesu
knp_j6@sqzGclsct7.co,Victoria,Wilson,+1457627954662,29-04-1948,lwO7pe3S
fsajyx@EKx8.edu,Aria,Jones,+4017950575886,18-11-1996,kIbA8hh1
mn@hrknCzop7j.tv,Savannah,Hernandez,+1873071339621,08-07-1959,Cewclw2U
7vd4h@fmgokbzzabgV.app,Henry,Lynch,+1948180338817,17-03-1955,vamwyCtb
ryy@z31.co,Brooklyn,Thornton,+3219924365641,20-04-1964,sXr3h2ny
tb4tug_j@jj5jM85ua9k.app,Margie,Floyd,+2983664544100,26-10-1978,6ir8uoeU
hq.leofnyl@aio8v8q.io,Dennis,Brown,+3668433046897,06-04-1942,Q6pua8oi
xjgth@CpguxNFjzl.store,Lori,Fletcher,+4830489523774,18-09-1954,cqptzNs9
gddoe@fwd.edu,Gerald,Robbins,+2875984090604,02-03-1924,ojgrcs8S
1qvsx_6qo8d@iS1sco8ya.io,Troy,Jones,+3498106831621,28-10-1947,6tj2ca5j
_s-v13fyQun@oFfFoUQ.org.net,Eliza,Cortez,+2218575896706,16-02-1989,U3liUZxw
iOlkcQEt@6n7gvbix.io,Nancy,Nelson,+3028456120246,31-07-1924,cyMko5gc
gu3.q9batl@kkyfx07q.app,Benjamin,Ortiz,+2176474751552,06-09-1950,axlqgxut
ilam@9tw9bmYyuydb.org.net,Brianna,Ramirez,+1945552631313,14-10-1963,9Fvfkqmw
cRCu6c@sjscDWDlen.tv,Jordan,Andrews,+3911296130105,07-12-1944,7kig3Syv
mqrZdhz@1Ehporl0ko.info,Logan,Miller,+3042407973050,01-10-1990,bjElBhfv
1b@q0vWu.edu,Luis,Campbell,+1847776107998,22-03-2000,qspY9wjy
zxmdb@s7mpfb6ve.design,Mary,Young,+3470027488549,01-01-1967,Jxis9SP0
xo3rqu@fbdnrbt.app,Timothy,Coleman,+7216683334973,14-02-1950,fg3gu8at
O3hsl@Udcf.dev,Ava,Gilbert,+1978505214414,13-01-1980,kgwPf2kf
Kbwwarj@mr39.co,Valentina,Fletcher,+0316087235537,04-07-1942,3y1VsAzj
xv@5C7WfDb.mil,Ruby,Porter,+6101931224359,18-12-1945,flYocXsf
